-- Seed Data

-- 1. Insert Entities
INSERT INTO entities (id, name, description, is_verified) VALUES 
('00000000-0000-0000-0000-000000000001', 'Iron Man', 'Genius, Billionaire, Playboy, Philanthropist', true),
('00000000-0000-0000-0000-000000000002', 'Spider-Man', 'Friendly neighborhood hero', true),
('00000000-0000-0000-0000-000000000003', 'Batman', 'The Dark Knight', true),
('00000000-0000-0000-0000-000000000004', 'Harry Potter', 'The Boy Who Lived', true);

-- 2. Insert Questions
INSERT INTO questions (id, text, category) VALUES
('00000000-0000-0000-0000-000000000001', 'Is your character real?', 'general'),
('00000000-0000-0000-0000-000000000002', 'Does your character wear a mask?', 'appearance'),
('00000000-0000-0000-0000-000000000003', 'Does your character have super powers?', 'abilities'),
('00000000-0000-0000-0000-000000000004', 'Is your character from Marvel?', 'universe'),
('00000000-0000-0000-0000-000000000005', 'Does your character use magic?', 'abilities');

-- 3. Link Entities to Questions (Knowledge Base)
-- Values: 2 (Yes), -2 (No), 0 (Unsure/Irrelevant)

-- Iron Man
INSERT INTO entity_questions (entity_id, question_id, value) VALUES
('00000000-0000-0000-0000-000000000001', '00000000-0000-0000-0000-000000000001', -2), -- Real? No
('00000000-0000-0000-0000-000000000001', '00000000-0000-0000-0000-000000000002', 2),  -- Mask? Yes
('00000000-0000-0000-0000-000000000001', '00000000-0000-0000-0000-000000000003', -1), -- Super powers? No (Technically suit)
('00000000-0000-0000-0000-000000000001', '00000000-0000-0000-0000-000000000004', 2),  -- Marvel? Yes
('00000000-0000-0000-0000-000000000001', '00000000-0000-0000-0000-000000000005', -2); -- Magic? No

-- Spider-Man
INSERT INTO entity_questions (entity_id, question_id, value) VALUES
('00000000-0000-0000-0000-000000000002', '00000000-0000-0000-0000-000000000001', -2), -- Real? No
('00000000-0000-0000-0000-000000000002', '00000000-0000-0000-0000-000000000002', 2),  -- Mask? Yes
('00000000-0000-0000-0000-000000000002', '00000000-0000-0000-0000-000000000003', 2),  -- Super powers? Yes
('00000000-0000-0000-0000-000000000002', '00000000-0000-0000-0000-000000000004', 2),  -- Marvel? Yes
('00000000-0000-0000-0000-000000000002', '00000000-0000-0000-0000-000000000005', -2); -- Magic? No

-- Batman
INSERT INTO entity_questions (entity_id, question_id, value) VALUES
('00000000-0000-0000-0000-000000000003', '00000000-0000-0000-0000-000000000001', -2), -- Real? No
('00000000-0000-0000-0000-000000000003', '00000000-0000-0000-0000-000000000002', 2),  -- Mask? Yes
('00000000-0000-0000-0000-000000000003', '00000000-0000-0000-0000-000000000003', -2), -- Super powers? No
('00000000-0000-0000-0000-000000000003', '00000000-0000-0000-0000-000000000004', -2), -- Marvel? No
('00000000-0000-0000-0000-000000000003', '00000000-0000-0000-0000-000000000005', -2); -- Magic? No

-- Harry Potter
INSERT INTO entity_questions (entity_id, question_id, value) VALUES
('00000000-0000-0000-0000-000000000004', '00000000-0000-0000-0000-000000000001', -2), -- Real? No
('00000000-0000-0000-0000-000000000004', '00000000-0000-0000-0000-000000000002', -1), -- Mask? No (Usually)
('00000000-0000-0000-0000-000000000004', '00000000-0000-0000-0000-000000000003', 2),  -- Super powers? Yes (Magic)
('00000000-0000-0000-0000-000000000004', '00000000-0000-0000-0000-000000000004', -2), -- Marvel? No
('00000000-0000-0000-0000-000000000004', '00000000-0000-0000-0000-000000000005', 2);  -- Magic? Yes
